CREATE DATABASE  IF NOT EXISTS `sleepGenie` /*!40100 DEFAULT CHARACTER SET utf8mb3 */ /*!80016 DEFAULT ENCRYPTION='N' */;
USE `sleepGenie`;
-- MySQL dump 10.13  Distrib 8.0.36, for Linux (x86_64)
--
-- Host: localhost    Database: sleepGenie
-- ------------------------------------------------------
-- Server version	8.0.41

/*!40101 SET @OLD_CHARACTER_SET_CLIENT=@@CHARACTER_SET_CLIENT */;
/*!40101 SET @OLD_CHARACTER_SET_RESULTS=@@CHARACTER_SET_RESULTS */;
/*!40101 SET @OLD_COLLATION_CONNECTION=@@COLLATION_CONNECTION */;
/*!50503 SET NAMES utf8 */;
/*!40103 SET @OLD_TIME_ZONE=@@TIME_ZONE */;
/*!40103 SET TIME_ZONE='+00:00' */;
/*!40014 SET @OLD_UNIQUE_CHECKS=@@UNIQUE_CHECKS, UNIQUE_CHECKS=0 */;
/*!40014 SET @OLD_FOREIGN_KEY_CHECKS=@@FOREIGN_KEY_CHECKS, FOREIGN_KEY_CHECKS=0 */;
/*!40101 SET @OLD_SQL_MODE=@@SQL_MODE, SQL_MODE='NO_AUTO_VALUE_ON_ZERO' */;
/*!40111 SET @OLD_SQL_NOTES=@@SQL_NOTES, SQL_NOTES=0 */;

--
-- Table structure for table `Attribute`
--

DROP TABLE IF EXISTS `Attribute`;
/*!40101 SET @saved_cs_client     = @@character_set_client */;
/*!50503 SET character_set_client = utf8mb4 */;
CREATE TABLE `Attribute` (
  `ID` int NOT NULL AUTO_INCREMENT,
  `Name` varchar(45) DEFAULT NULL,
  `Value` varchar(45) NOT NULL,
  `Color` varchar(45) DEFAULT NULL,
  `ServiceID` int DEFAULT NULL,
  `Date` datetime DEFAULT NULL,
  `MetaId` int DEFAULT NULL,
  PRIMARY KEY (`ID`),
  KEY `fk_Attribute_1_idx` (`ServiceID`),
  KEY `fk_Attribute_2_idx` (`MetaId`),
  CONSTRAINT `fk_Attribute_1` FOREIGN KEY (`ServiceID`) REFERENCES `Service` (`Id`)
) ENGINE=InnoDB AUTO_INCREMENT=335 DEFAULT CHARSET=utf8mb3;
/*!40101 SET character_set_client = @saved_cs_client */;

--
-- Dumping data for table `Attribute`
--

LOCK TABLES `Attribute` WRITE;
/*!40000 ALTER TABLE `Attribute` DISABLE KEYS */;
INSERT INTO `Attribute` VALUES (1,NULL,'78',NULL,2,'2025-03-11 00:00:00',1),(2,NULL,'55',NULL,2,'2025-03-11 00:00:00',4),(3,NULL,'54',NULL,2,'2025-03-11 00:00:00',5),(4,NULL,'14',NULL,2,'2025-03-11 00:00:00',6),(5,NULL,'Fair',NULL,2,'2025-03-11 00:00:00',7),(6,NULL,'6h 36min',NULL,2,'2025-03-11 00:00:00',8),(7,NULL,'10:14 PM',NULL,2,'2025-03-11 00:00:00',9),(8,NULL,'5:05 AM',NULL,2,'2025-03-11 00:00:00',16),(9,NULL,'89',NULL,2,'2025-03-10 00:00:00',1),(10,NULL,'53',NULL,2,'2025-03-10 00:00:00',4),(11,NULL,'68',NULL,2,'2025-03-10 00:00:00',5),(12,NULL,'13',NULL,2,'2025-03-10 00:00:00',6),(13,NULL,'Good',NULL,2,'2025-03-10 00:00:00',7),(14,NULL,'7h 34min',NULL,2,'2025-03-10 00:00:00',8),(15,NULL,'9:00 PM',NULL,2,'2025-03-10 00:00:00',9),(16,NULL,'5:00 AM',NULL,2,'2025-03-10 00:00:00',16),(17,NULL,'83',NULL,2,'2025-03-09 00:00:00',1),(18,NULL,'53',NULL,2,'2025-03-09 00:00:00',4),(19,NULL,'50',NULL,2,'2025-03-09 00:00:00',5),(20,NULL,'13',NULL,2,'2025-03-09 00:00:00',6),(21,NULL,'Good',NULL,2,'2025-03-09 00:00:00',7),(22,NULL,'8h 6min',NULL,2,'2025-03-09 00:00:00',8),(23,NULL,'10:29 PM',NULL,2,'2025-03-09 00:00:00',9),(24,NULL,'6:46 AM',NULL,2,'2025-03-09 00:00:00',16),(25,NULL,'77',NULL,2,'2025-03-08 00:00:00',1),(26,NULL,'51',NULL,2,'2025-03-08 00:00:00',4),(27,NULL,'85',NULL,2,'2025-03-08 00:00:00',5),(28,NULL,'13',NULL,2,'2025-03-08 00:00:00',6),(29,NULL,'Fair',NULL,2,'2025-03-08 00:00:00',7),(30,NULL,'8h 43min',NULL,2,'2025-03-08 00:00:00',8),(31,NULL,'9:13 PM',NULL,2,'2025-03-08 00:00:00',9),(32,NULL,'7:00 AM',NULL,2,'2025-03-08 00:00:00',16),(33,NULL,'69',NULL,2,'2025-03-07 00:00:00',1),(34,NULL,'53',NULL,2,'2025-03-07 00:00:00',4),(35,NULL,'51',NULL,2,'2025-03-07 00:00:00',5),(36,NULL,'13',NULL,2,'2025-03-07 00:00:00',6),(37,NULL,'Fair',NULL,2,'2025-03-07 00:00:00',7),(38,NULL,'7h 10min',NULL,2,'2025-03-07 00:00:00',8),(39,NULL,'9:20 PM',NULL,2,'2025-03-07 00:00:00',9),(40,NULL,'5:30 AM',NULL,2,'2025-03-07 00:00:00',16),(41,NULL,'67',NULL,2,'2025-03-06 00:00:00',1),(42,NULL,'54',NULL,2,'2025-03-06 00:00:00',4),(43,NULL,'43',NULL,2,'2025-03-06 00:00:00',5),(44,NULL,'13',NULL,2,'2025-03-06 00:00:00',6),(45,NULL,'Fair',NULL,2,'2025-03-06 00:00:00',7),(46,NULL,'5h 4min',NULL,2,'2025-03-06 00:00:00',8),(47,NULL,'11:49 PM',NULL,2,'2025-03-06 00:00:00',9),(48,NULL,'4:54 AM',NULL,2,'2025-03-06 00:00:00',16),(49,NULL,'73',NULL,2,'2025-03-05 00:00:00',1),(50,NULL,'54',NULL,2,'2025-03-05 00:00:00',4),(51,NULL,'48',NULL,2,'2025-03-05 00:00:00',5),(52,NULL,'14',NULL,2,'2025-03-05 00:00:00',6),(53,NULL,'Fair',NULL,2,'2025-03-05 00:00:00',7),(54,NULL,'5h 56min',NULL,2,'2025-03-05 00:00:00',8),(55,NULL,'10:52 PM',NULL,2,'2025-03-05 00:00:00',9),(56,NULL,'5:03 AM',NULL,2,'2025-03-05 00:00:00',16),(57,NULL,'86',NULL,2,'2025-02-28 00:00:00',1),(58,NULL,'55',NULL,2,'2025-02-28 00:00:00',4),(59,NULL,'56',NULL,2,'2025-02-28 00:00:00',5),(60,NULL,'14',NULL,2,'2025-02-28 00:00:00',6),(61,NULL,'Good',NULL,2,'2025-02-28 00:00:00',7),(62,NULL,'8h 10min',NULL,2,'2025-02-28 00:00:00',8),(63,NULL,'8:57 PM',NULL,2,'2025-02-28 00:00:00',9),(64,NULL,'5:22 AM',NULL,2,'2025-02-28 00:00:00',16),(65,NULL,'79',NULL,2,'2025-02-27 00:00:00',1),(66,NULL,'56',NULL,2,'2025-02-27 00:00:00',4),(67,NULL,'38',NULL,2,'2025-02-27 00:00:00',5),(68,NULL,'13',NULL,2,'2025-02-27 00:00:00',6),(69,NULL,'Fair',NULL,2,'2025-02-27 00:00:00',7),(70,NULL,'7h 27min',NULL,2,'2025-02-27 00:00:00',8),(71,NULL,'9:07 PM',NULL,2,'2025-02-27 00:00:00',9),(72,NULL,'5:00 AM',NULL,2,'2025-02-27 00:00:00',16),(73,NULL,'86',NULL,2,'2025-02-26 00:00:00',1),(74,NULL,'55',NULL,2,'2025-02-26 00:00:00',4),(75,NULL,'66',NULL,2,'2025-02-26 00:00:00',5),(76,NULL,'14',NULL,2,'2025-02-26 00:00:00',6),(77,NULL,'Good',NULL,2,'2025-02-26 00:00:00',7),(78,NULL,'8h 8min',NULL,2,'2025-02-26 00:00:00',8),(79,NULL,'9:01 PM',NULL,2,'2025-02-26 00:00:00',9),(80,NULL,'5:30 AM',NULL,2,'2025-02-26 00:00:00',16),(81,NULL,'90',NULL,2,'2025-02-25 00:00:00',1),(82,NULL,'52',NULL,2,'2025-02-25 00:00:00',4),(83,NULL,'83',NULL,2,'2025-02-25 00:00:00',5),(84,NULL,'14',NULL,2,'2025-02-25 00:00:00',6),(85,NULL,'Excellent',NULL,2,'2025-02-25 00:00:00',7),(86,NULL,'8h 2min',NULL,2,'2025-02-25 00:00:00',8),(87,NULL,'8:57 PM',NULL,2,'2025-02-25 00:00:00',9),(88,NULL,'5:30 AM',NULL,2,'2025-02-25 00:00:00',16),(89,NULL,'86',NULL,2,'2025-02-24 00:00:00',1),(90,NULL,'52',NULL,2,'2025-02-24 00:00:00',4),(91,NULL,'54',NULL,2,'2025-02-24 00:00:00',5),(92,NULL,'13',NULL,2,'2025-02-24 00:00:00',6),(93,NULL,'Good',NULL,2,'2025-02-24 00:00:00',7),(94,NULL,'7h 9min',NULL,2,'2025-02-24 00:00:00',8),(95,NULL,'10:07 PM',NULL,2,'2025-02-24 00:00:00',9),(96,NULL,'5:30 AM',NULL,2,'2025-02-24 00:00:00',16),(97,NULL,'77',NULL,2,'2025-02-23 00:00:00',1),(98,NULL,'56',NULL,2,'2025-02-23 00:00:00',4),(99,NULL,'47',NULL,2,'2025-02-23 00:00:00',5),(100,NULL,'13',NULL,2,'2025-02-23 00:00:00',6),(101,NULL,'Fair',NULL,2,'2025-02-23 00:00:00',7),(102,NULL,'9h 17min',NULL,2,'2025-02-23 00:00:00',8),(103,NULL,'9:06 PM',NULL,2,'2025-02-23 00:00:00',9),(104,NULL,'7:00 AM',NULL,2,'2025-02-23 00:00:00',16),(105,NULL,'86',NULL,2,'2025-02-22 00:00:00',1),(106,NULL,'55',NULL,2,'2025-02-22 00:00:00',4),(107,NULL,'47',NULL,2,'2025-02-22 00:00:00',5),(108,NULL,'13',NULL,2,'2025-02-22 00:00:00',6),(109,NULL,'Good',NULL,2,'2025-02-22 00:00:00',7),(110,NULL,'8h 45min',NULL,2,'2025-02-22 00:00:00',8),(111,NULL,'9:13 PM',NULL,2,'2025-02-22 00:00:00',9),(112,NULL,'6:05 AM',NULL,2,'2025-02-22 00:00:00',16),(113,NULL,'89',NULL,2,'2025-02-21 00:00:00',1),(114,NULL,'54',NULL,2,'2025-02-21 00:00:00',4),(115,NULL,'60',NULL,2,'2025-02-21 00:00:00',5),(116,NULL,'14',NULL,2,'2025-02-21 00:00:00',6),(117,NULL,'Good',NULL,2,'2025-02-21 00:00:00',7),(118,NULL,'7h 57min',NULL,2,'2025-02-21 00:00:00',8),(119,NULL,'9:19 PM',NULL,2,'2025-02-21 00:00:00',9),(120,NULL,'5:30 AM',NULL,2,'2025-02-21 00:00:00',16),(121,NULL,'76',NULL,2,'2025-02-20 00:00:00',1),(122,NULL,'54',NULL,2,'2025-02-20 00:00:00',4),(123,NULL,'45',NULL,2,'2025-02-20 00:00:00',5),(124,NULL,'13',NULL,2,'2025-02-20 00:00:00',6),(125,NULL,'Fair',NULL,2,'2025-02-20 00:00:00',7),(126,NULL,'6h 1min',NULL,2,'2025-02-20 00:00:00',8),(127,NULL,'11:49 PM',NULL,2,'2025-02-20 00:00:00',9),(128,NULL,'5:52 AM',NULL,2,'2025-02-20 00:00:00',16),(129,NULL,'70',NULL,2,'2025-02-19 00:00:00',1),(130,NULL,'53',NULL,2,'2025-02-19 00:00:00',4),(131,NULL,'74',NULL,2,'2025-02-19 00:00:00',5),(132,NULL,'13',NULL,2,'2025-02-19 00:00:00',6),(133,NULL,'Fair',NULL,2,'2025-02-19 00:00:00',7),(134,NULL,'6h 53min',NULL,2,'2025-02-19 00:00:00',8),(135,NULL,'9:04 PM',NULL,2,'2025-02-19 00:00:00',9),(136,NULL,'5:30 AM',NULL,2,'2025-02-19 00:00:00',16),(137,NULL,'84',NULL,2,'2025-02-18 00:00:00',1),(138,NULL,'53',NULL,2,'2025-02-18 00:00:00',4),(139,NULL,'65',NULL,2,'2025-02-18 00:00:00',5),(140,NULL,'14',NULL,2,'2025-02-18 00:00:00',6),(141,NULL,'Good',NULL,2,'2025-02-18 00:00:00',7),(142,NULL,'7h 9min',NULL,2,'2025-02-18 00:00:00',8),(143,NULL,'9:35 PM',NULL,2,'2025-02-18 00:00:00',9),(144,NULL,'5:05 AM',NULL,2,'2025-02-18 00:00:00',16),(145,NULL,'79',NULL,2,'2025-02-17 00:00:00',1),(146,NULL,'51',NULL,2,'2025-02-17 00:00:00',4),(147,NULL,'59',NULL,2,'2025-02-17 00:00:00',5),(148,NULL,'13',NULL,2,'2025-02-17 00:00:00',6),(149,NULL,'Fair',NULL,2,'2025-02-17 00:00:00',7),(150,NULL,'5h 59min',NULL,2,'2025-02-17 00:00:00',8),(151,NULL,'10:53 PM',NULL,2,'2025-02-17 00:00:00',9),(152,NULL,'4:53 AM',NULL,2,'2025-02-17 00:00:00',16),(153,NULL,'76',NULL,2,'2025-02-16 00:00:00',1),(154,NULL,'49',NULL,2,'2025-02-16 00:00:00',4),(155,NULL,'12',NULL,2,'2025-02-16 00:00:00',6),(156,NULL,'Fair',NULL,2,'2025-02-16 00:00:00',7),(157,NULL,'7h 52min',NULL,2,'2025-02-16 00:00:00',8),(158,NULL,'10:02 PM',NULL,2,'2025-02-16 00:00:00',9),(159,NULL,'6:50 AM',NULL,2,'2025-02-16 00:00:00',16),(160,NULL,'85',NULL,2,'2025-02-15 00:00:00',1),(161,NULL,'55',NULL,2,'2025-02-15 00:00:00',4),(162,NULL,'53',NULL,2,'2025-02-15 00:00:00',5),(163,NULL,'14',NULL,2,'2025-02-15 00:00:00',6),(164,NULL,'Good',NULL,2,'2025-02-15 00:00:00',7),(165,NULL,'9h 28min',NULL,2,'2025-02-15 00:00:00',8),(166,NULL,'9:06 PM',NULL,2,'2025-02-15 00:00:00',9),(167,NULL,'7:00 AM',NULL,2,'2025-02-15 00:00:00',16),(168,NULL,'84',NULL,2,'2025-02-14 00:00:00',1),(169,NULL,'54',NULL,2,'2025-02-14 00:00:00',4),(170,NULL,'50',NULL,2,'2025-02-14 00:00:00',5),(171,NULL,'14',NULL,2,'2025-02-14 00:00:00',6),(172,NULL,'Good',NULL,2,'2025-02-14 00:00:00',7),(173,NULL,'7h 15min',NULL,2,'2025-02-14 00:00:00',8),(174,NULL,'9:16 PM',NULL,2,'2025-02-14 00:00:00',9),(175,NULL,'4:51 AM',NULL,2,'2025-02-14 00:00:00',16),(176,NULL,'74',NULL,2,'2025-02-13 00:00:00',1),(177,NULL,'55',NULL,2,'2025-02-13 00:00:00',4),(178,NULL,'47',NULL,2,'2025-02-13 00:00:00',5),(179,NULL,'13',NULL,2,'2025-02-13 00:00:00',6),(180,NULL,'Fair',NULL,2,'2025-02-13 00:00:00',7),(181,NULL,'7h 11min',NULL,2,'2025-02-13 00:00:00',8),(182,NULL,'8:43 PM',NULL,2,'2025-02-13 00:00:00',9),(183,NULL,'4:48 AM',NULL,2,'2025-02-13 00:00:00',16),(184,NULL,'86',NULL,2,'2025-02-12 00:00:00',1),(185,NULL,'53',NULL,2,'2025-02-12 00:00:00',4),(186,NULL,'67',NULL,2,'2025-02-12 00:00:00',5),(187,NULL,'13',NULL,2,'2025-02-12 00:00:00',6),(188,NULL,'Good',NULL,2,'2025-02-12 00:00:00',7),(189,NULL,'7h 47min',NULL,2,'2025-02-12 00:00:00',8),(190,NULL,'8:48 PM',NULL,2,'2025-02-12 00:00:00',9),(191,NULL,'5:04 AM',NULL,2,'2025-02-12 00:00:00',16),(192,NULL,'84',NULL,2,'2025-02-11 00:00:00',1),(193,NULL,'53',NULL,2,'2025-02-11 00:00:00',4),(194,NULL,'55',NULL,2,'2025-02-11 00:00:00',5),(195,NULL,'13',NULL,2,'2025-02-11 00:00:00',6),(196,NULL,'Good',NULL,2,'2025-02-11 00:00:00',7),(197,NULL,'7h 38min',NULL,2,'2025-02-11 00:00:00',8),(198,NULL,'8:54 PM',NULL,2,'2025-02-11 00:00:00',9),(199,NULL,'4:48 AM',NULL,2,'2025-02-11 00:00:00',16),(200,NULL,'73',NULL,2,'2025-02-10 00:00:00',1),(201,NULL,'55',NULL,2,'2025-02-10 00:00:00',4),(202,NULL,'42',NULL,2,'2025-02-10 00:00:00',5),(203,NULL,'12',NULL,2,'2025-02-10 00:00:00',6),(204,NULL,'Fair',NULL,2,'2025-02-10 00:00:00',7),(205,NULL,'5h 36min',NULL,2,'2025-02-10 00:00:00',8),(206,NULL,'11:12 PM',NULL,2,'2025-02-10 00:00:00',9),(207,NULL,'5:00 AM',NULL,2,'2025-02-10 00:00:00',16),(208,NULL,'50',NULL,2,'2025-02-09 00:00:00',1),(209,NULL,'57',NULL,2,'2025-02-09 00:00:00',4),(210,NULL,'29',NULL,2,'2025-02-09 00:00:00',5),(211,NULL,'13',NULL,2,'2025-02-09 00:00:00',6),(212,NULL,'Poor',NULL,2,'2025-02-09 00:00:00',7),(213,NULL,'9h 34min',NULL,2,'2025-02-09 00:00:00',8),(214,NULL,'9:10 PM',NULL,2,'2025-02-09 00:00:00',9),(215,NULL,'6:48 AM',NULL,2,'2025-02-09 00:00:00',16),(216,NULL,'50',NULL,2,'2025-02-08 00:00:00',1),(217,NULL,'57',NULL,2,'2025-02-08 00:00:00',4),(218,NULL,'29',NULL,2,'2025-02-08 00:00:00',5),(219,NULL,'14',NULL,2,'2025-02-08 00:00:00',6),(220,NULL,'Poor',NULL,2,'2025-02-08 00:00:00',7),(221,NULL,'9h 54min',NULL,2,'2025-02-08 00:00:00',8),(222,NULL,'9:08 PM',NULL,2,'2025-02-08 00:00:00',9),(223,NULL,'7:26 AM',NULL,2,'2025-02-08 00:00:00',16),(224,NULL,'83',NULL,2,'2025-02-07 00:00:00',1),(225,NULL,'56',NULL,2,'2025-02-07 00:00:00',4),(226,NULL,'46',NULL,2,'2025-02-07 00:00:00',5),(227,NULL,'14',NULL,2,'2025-02-07 00:00:00',6),(228,NULL,'Good',NULL,2,'2025-02-07 00:00:00',7),(229,NULL,'7h 31min',NULL,2,'2025-02-07 00:00:00',8),(230,NULL,'8:57 PM',NULL,2,'2025-02-07 00:00:00',9),(231,NULL,'4:54 AM',NULL,2,'2025-02-07 00:00:00',16),(232,NULL,'80',NULL,2,'2025-02-06 00:00:00',1),(233,NULL,'54',NULL,2,'2025-02-06 00:00:00',4),(234,NULL,'45',NULL,2,'2025-02-06 00:00:00',5),(235,NULL,'13',NULL,2,'2025-02-06 00:00:00',6),(236,NULL,'Good',NULL,2,'2025-02-06 00:00:00',7),(237,NULL,'7h 46min',NULL,2,'2025-02-06 00:00:00',8),(238,NULL,'9:09 PM',NULL,2,'2025-02-06 00:00:00',9),(239,NULL,'5:18 AM',NULL,2,'2025-02-06 00:00:00',16),(240,NULL,'70',NULL,2,'2025-02-05 00:00:00',1),(241,NULL,'57',NULL,2,'2025-02-05 00:00:00',4),(242,NULL,'25',NULL,2,'2025-02-05 00:00:00',5),(243,NULL,'13',NULL,2,'2025-02-05 00:00:00',6),(244,NULL,'Fair',NULL,2,'2025-02-05 00:00:00',7),(245,NULL,'6h 41min',NULL,2,'2025-02-05 00:00:00',8),(246,NULL,'9:36 PM',NULL,2,'2025-02-05 00:00:00',9),(247,NULL,'5:05 AM',NULL,2,'2025-02-05 00:00:00',16),(248,NULL,'81',NULL,2,'2025-02-04 00:00:00',1),(249,NULL,'53',NULL,2,'2025-02-04 00:00:00',4),(250,NULL,'61',NULL,2,'2025-02-04 00:00:00',5),(251,NULL,'14',NULL,2,'2025-02-04 00:00:00',6),(252,NULL,'Good',NULL,2,'2025-02-04 00:00:00',7),(253,NULL,'7h 31min',NULL,2,'2025-02-04 00:00:00',8),(254,NULL,'8:57 PM',NULL,2,'2025-02-04 00:00:00',9),(255,NULL,'5:02 AM',NULL,2,'2025-02-04 00:00:00',16),(256,NULL,'74',NULL,2,'2025-02-03 00:00:00',1),(257,NULL,'56',NULL,2,'2025-02-03 00:00:00',4),(258,NULL,'40',NULL,2,'2025-02-03 00:00:00',5),(259,NULL,'14',NULL,2,'2025-02-03 00:00:00',6),(260,NULL,'Fair',NULL,2,'2025-02-03 00:00:00',7),(261,NULL,'7h 32min',NULL,2,'2025-02-03 00:00:00',8),(262,NULL,'9:12 PM',NULL,2,'2025-02-03 00:00:00',9),(263,NULL,'5:00 AM',NULL,2,'2025-02-03 00:00:00',16),(264,NULL,'83',NULL,2,'2025-02-02 00:00:00',1),(265,NULL,'56',NULL,2,'2025-02-02 00:00:00',4),(266,NULL,'45',NULL,2,'2025-02-02 00:00:00',5),(267,NULL,'14',NULL,2,'2025-02-02 00:00:00',6),(268,NULL,'Good',NULL,2,'2025-02-02 00:00:00',7),(269,NULL,'9h 6min',NULL,2,'2025-02-02 00:00:00',8),(270,NULL,'9:37 PM',NULL,2,'2025-02-02 00:00:00',9),(271,NULL,'7:00 AM',NULL,2,'2025-02-02 00:00:00',16),(272,NULL,'86',NULL,2,'2025-02-01 00:00:00',1),(273,NULL,'57',NULL,2,'2025-02-01 00:00:00',4),(274,NULL,'14',NULL,2,'2025-02-01 00:00:00',6),(275,NULL,'Good',NULL,2,'2025-02-01 00:00:00',7),(276,NULL,'9h 16min',NULL,2,'2025-02-01 00:00:00',8),(277,NULL,'9:24 PM',NULL,2,'2025-02-01 00:00:00',9),(278,NULL,'6:53 AM',NULL,2,'2025-02-01 00:00:00',16),(279,NULL,'81',NULL,2,'2025-03-14 00:00:00',1),(280,NULL,'54',NULL,2,'2025-03-14 00:00:00',4),(281,NULL,'60',NULL,2,'2025-03-14 00:00:00',5),(282,NULL,'14',NULL,2,'2025-03-14 00:00:00',6),(283,NULL,'Good',NULL,2,'2025-03-14 00:00:00',7),(284,NULL,'7h 18min',NULL,2,'2025-03-14 00:00:00',8),(285,NULL,'9:16 PM',NULL,2,'2025-03-14 00:00:00',9),(286,NULL,'5:15 AM',NULL,2,'2025-03-14 00:00:00',16),(287,NULL,'69',NULL,2,'2025-03-13 00:00:00',1),(288,NULL,'57',NULL,2,'2025-03-13 00:00:00',4),(289,NULL,'31',NULL,2,'2025-03-13 00:00:00',5),(290,NULL,'14',NULL,2,'2025-03-13 00:00:00',6),(291,NULL,'Fair',NULL,2,'2025-03-13 00:00:00',7),(292,NULL,'7h 31min',NULL,2,'2025-03-13 00:00:00',8),(293,NULL,'8:59 PM',NULL,2,'2025-03-13 00:00:00',9),(294,NULL,'5:11 AM',NULL,2,'2025-03-13 00:00:00',16),(295,NULL,'80',NULL,2,'2025-03-12 00:00:00',1),(296,NULL,'56',NULL,2,'2025-03-12 00:00:00',4),(297,NULL,'38',NULL,2,'2025-03-12 00:00:00',5),(298,NULL,'13',NULL,2,'2025-03-12 00:00:00',6),(299,NULL,'Good',NULL,2,'2025-03-12 00:00:00',7),(300,NULL,'7h 21min',NULL,2,'2025-03-12 00:00:00',8),(301,NULL,'9:00 PM',NULL,2,'2025-03-12 00:00:00',9),(302,NULL,'4:46 AM',NULL,2,'2025-03-12 00:00:00',16),(303,NULL,'83',NULL,2,'2025-03-04 00:00:00',1),(304,NULL,'54',NULL,2,'2025-03-04 00:00:00',4),(305,NULL,'65',NULL,2,'2025-03-04 00:00:00',5),(306,NULL,'13',NULL,2,'2025-03-04 00:00:00',6),(307,NULL,'Good',NULL,2,'2025-03-04 00:00:00',7),(308,NULL,'7h 21min',NULL,2,'2025-03-04 00:00:00',8),(309,NULL,'9:00 PM',NULL,2,'2025-03-04 00:00:00',9),(310,NULL,'5:04 AM',NULL,2,'2025-03-04 00:00:00',16),(311,NULL,'95',NULL,2,'2025-03-03 00:00:00',1),(312,NULL,'51',NULL,2,'2025-03-03 00:00:00',4),(313,NULL,'74',NULL,2,'2025-03-03 00:00:00',5),(314,NULL,'14',NULL,2,'2025-03-03 00:00:00',6),(315,NULL,'Excellent',NULL,2,'2025-03-03 00:00:00',7),(316,NULL,'8h 32min',NULL,2,'2025-03-03 00:00:00',8),(317,NULL,'8:55 PM',NULL,2,'2025-03-03 00:00:00',9),(318,NULL,'5:30 AM',NULL,2,'2025-03-03 00:00:00',16),(319,NULL,'80',NULL,2,'2025-03-02 00:00:00',1),(320,NULL,'53',NULL,2,'2025-03-02 00:00:00',4),(321,NULL,'61',NULL,2,'2025-03-02 00:00:00',5),(322,NULL,'13',NULL,2,'2025-03-02 00:00:00',6),(323,NULL,'Good',NULL,2,'2025-03-02 00:00:00',7),(324,NULL,'7h 47min',NULL,2,'2025-03-02 00:00:00',8),(325,NULL,'10:13 PM',NULL,2,'2025-03-02 00:00:00',9),(326,NULL,'6:32 AM',NULL,2,'2025-03-02 00:00:00',16),(327,NULL,'64',NULL,2,'2025-03-01 00:00:00',1),(328,NULL,'55',NULL,2,'2025-03-01 00:00:00',4),(329,NULL,'63',NULL,2,'2025-03-01 00:00:00',5),(330,NULL,'14',NULL,2,'2025-03-01 00:00:00',6),(331,NULL,'Fair',NULL,2,'2025-03-01 00:00:00',7),(332,NULL,'8h 58min',NULL,2,'2025-03-01 00:00:00',8),(333,NULL,'9:04 PM',NULL,2,'2025-03-01 00:00:00',9),(334,NULL,'6:46 AM',NULL,2,'2025-03-01 00:00:00',16);
/*!40000 ALTER TABLE `Attribute` ENABLE KEYS */;
UNLOCK TABLES;

--
-- Table structure for table `Meta`
--

DROP TABLE IF EXISTS `Meta`;
/*!40101 SET @saved_cs_client     = @@character_set_client */;
/*!50503 SET character_set_client = utf8mb4 */;
CREATE TABLE `Meta` (
  `id` int NOT NULL AUTO_INCREMENT,
  `Name` varchar(45) DEFAULT NULL,
  `serviceID` int DEFAULT NULL,
  PRIMARY KEY (`id`),
  KEY `fk_Meta_1_idx` (`serviceID`),
  CONSTRAINT `fk_Meta_1` FOREIGN KEY (`serviceID`) REFERENCES `Service` (`Id`)
) ENGINE=InnoDB AUTO_INCREMENT=17 DEFAULT CHARSET=utf8mb3;
/*!40101 SET character_set_client = @saved_cs_client */;

--
-- Dumping data for table `Meta`
--

LOCK TABLES `Meta` WRITE;
/*!40000 ALTER TABLE `Meta` DISABLE KEYS */;
INSERT INTO `Meta` VALUES (1,'Score',2),(4,'Resting Heart Rate',2),(5,'Body Battery',2),(6,'Respiration',2),(7,'Quality',2),(8,'Duration',2),(9,'Bedtime',2),(16,'Wake Time',2);
/*!40000 ALTER TABLE `Meta` ENABLE KEYS */;
UNLOCK TABLES;

--
-- Table structure for table `Service`
--

DROP TABLE IF EXISTS `Service`;
/*!40101 SET @saved_cs_client     = @@character_set_client */;
/*!50503 SET character_set_client = utf8mb4 */;
CREATE TABLE `Service` (
  `Id` int NOT NULL AUTO_INCREMENT,
  `Name` varchar(45) NOT NULL,
  `URL` varchar(255) DEFAULT NULL,
  `UserID` varchar(45) NOT NULL,
  PRIMARY KEY (`Id`),
  UNIQUE KEY `Id_UNIQUE` (`Id`),
  KEY `fk_Service_1_idx` (`UserID`),
  CONSTRAINT `fk_Service_1` FOREIGN KEY (`UserID`) REFERENCES `User` (`UserId`)
) ENGINE=InnoDB AUTO_INCREMENT=4 DEFAULT CHARSET=utf8mb3;
/*!40101 SET character_set_client = @saved_cs_client */;

--
-- Dumping data for table `Service`
--

LOCK TABLES `Service` WRITE;
/*!40000 ALTER TABLE `Service` DISABLE KEYS */;
INSERT INTO `Service` VALUES (2,'Garmin Connect','','KevinBollman');
/*!40000 ALTER TABLE `Service` ENABLE KEYS */;
UNLOCK TABLES;

--
-- Table structure for table `User`
--

DROP TABLE IF EXISTS `User`;
/*!40101 SET @saved_cs_client     = @@character_set_client */;
/*!50503 SET character_set_client = utf8mb4 */;
CREATE TABLE `User` (
  `UserId` varchar(45) NOT NULL,
  `Name` varchar(45) DEFAULT NULL,
  PRIMARY KEY (`UserId`),
  UNIQUE KEY `UserId_UNIQUE` (`UserId`)
) ENGINE=InnoDB DEFAULT CHARSET=utf8mb3;
/*!40101 SET character_set_client = @saved_cs_client */;

--
-- Dumping data for table `User`
--

LOCK TABLES `User` WRITE;
/*!40000 ALTER TABLE `User` DISABLE KEYS */;
INSERT INTO `User` VALUES ('KevinBollman','Kevin Bolman');
/*!40000 ALTER TABLE `User` ENABLE KEYS */;
UNLOCK TABLES;

--
-- Table structure for table `table1`
--

DROP TABLE IF EXISTS `table1`;
/*!40101 SET @saved_cs_client     = @@character_set_client */;
/*!50503 SET character_set_client = utf8mb4 */;
CREATE TABLE `table1` (
  `id` int NOT NULL,
  `table1col` varchar(45) DEFAULT NULL,
  PRIMARY KEY (`id`)
) ENGINE=InnoDB DEFAULT CHARSET=utf8mb3;
/*!40101 SET character_set_client = @saved_cs_client */;

--
-- Dumping data for table `table1`
--

LOCK TABLES `table1` WRITE;
/*!40000 ALTER TABLE `table1` DISABLE KEYS */;
INSERT INTO `table1` VALUES (0,'Cardinal'),(1,'adfsds'),(2,'Cardinal'),(3,'Cardinal');
/*!40000 ALTER TABLE `table1` ENABLE KEYS */;
UNLOCK TABLES;
/*!40103 SET TIME_ZONE=@OLD_TIME_ZONE */;

/*!40101 SET SQL_MODE=@OLD_SQL_MODE */;
/*!40014 SET FOREIGN_KEY_CHECKS=@OLD_FOREIGN_KEY_CHECKS */;
/*!40014 SET UNIQUE_CHECKS=@OLD_UNIQUE_CHECKS */;
/*!40101 SET CHARACTER_SET_CLIENT=@OLD_CHARACTER_SET_CLIENT */;
/*!40101 SET CHARACTER_SET_RESULTS=@OLD_CHARACTER_SET_RESULTS */;
/*!40101 SET COLLATION_CONNECTION=@OLD_COLLATION_CONNECTION */;
/*!40111 SET SQL_NOTES=@OLD_SQL_NOTES */;

-- Dump completed on 2025-03-19 19:45:09
